-- Seed causes, regions, charities from charity_registry.json (generated by scripts/generate_seed_charities.js)
USE empact;

INSERT INTO causes (cause_slug) VALUES ('refugees'), ('healthcare'), ('education'), ('conflict_relief'), ('disaster_relief'), ('medical_aid'), ('children'), ('water_access'), ('food_security'), ('poverty'), ('women_support'), ('climate'), ('housing') ON DUPLICATE KEY UPDATE cause_slug = cause_slug;

INSERT INTO regions (name) VALUES ('Afghanistan'), ('Nigeria'), ('Pakistan'), ('Lebanon'), ('Jordan'), ('Syrian Arab Republic'), ('Ukraine'), ('Sudan'), ('Ethiopia'), ('Democratic Republic of the Congo'), ('Somalia'), ('Philippines'), ('Colombia'), ('South Sudan'), ('Kenya'), ('Mozambique'), ('Sri Lanka'), ('occupied Palestinian territory'), ('Türkiye'), ('Lao People''s Democratic Republic'), ('Ecuador'), ('World'), ('Chad'), ('Seychelles'), ('Iraq') ON DUPLICATE KEY UPDATE name = name;

INSERT INTO charities (charity_id, name, website, donation_url, description, verified) VALUES ('charity_001', 'International Rescue Committee', 'https://www.rescue.org', 'https://help.rescue.org/donate', 'Provides emergency relief and sustained support to refugees and crisis‑affected populations worldwide.', 1) ON DUPLICATE KEY UPDATE name = VALUES(name), website = VALUES(website), donation_url = VALUES(donation_url), description = VALUES(description), verified = VALUES(verified);
INSERT INTO charities (charity_id, name, website, donation_url, description, verified) VALUES ('charity_002', 'Médecins Sans Frontières (Doctors Without Borders)', 'https://www.msf.org', 'https://www.msf.org/donate', 'Delivers emergency medical care in conflict zones, epidemics, and disaster areas globally.', 1) ON DUPLICATE KEY UPDATE name = VALUES(name), website = VALUES(website), donation_url = VALUES(donation_url), description = VALUES(description), verified = VALUES(verified);
INSERT INTO charities (charity_id, name, website, donation_url, description, verified) VALUES ('charity_003', 'UNICEF', 'https://www.unicef.org', 'https://www.unicef.org/donate', 'United Nations agency providing humanitarian and developmental aid to children worldwide.', 1) ON DUPLICATE KEY UPDATE name = VALUES(name), website = VALUES(website), donation_url = VALUES(donation_url), description = VALUES(description), verified = VALUES(verified);
INSERT INTO charities (charity_id, name, website, donation_url, description, verified) VALUES ('charity_004', 'World Food Programme (WFP)', 'https://www.wfp.org', 'https://www.wfp.org/donate', 'Provides food assistance in emergencies and works to improve nutrition and food security.', 1) ON DUPLICATE KEY UPDATE name = VALUES(name), website = VALUES(website), donation_url = VALUES(donation_url), description = VALUES(description), verified = VALUES(verified);
INSERT INTO charities (charity_id, name, website, donation_url, description, verified) VALUES ('charity_005', 'CARE International', 'https://www.care-international.org', 'https://www.care-international.org/donate', 'Fights global poverty and provides disaster relief with a focus on women and girls.', 1) ON DUPLICATE KEY UPDATE name = VALUES(name), website = VALUES(website), donation_url = VALUES(donation_url), description = VALUES(description), verified = VALUES(verified);
INSERT INTO charities (charity_id, name, website, donation_url, description, verified) VALUES ('charity_006', 'Oxfam International', 'https://www.oxfam.org', 'https://www.oxfam.org/en/donate', 'Works to alleviate poverty, injustice, and inequality globally.', 1) ON DUPLICATE KEY UPDATE name = VALUES(name), website = VALUES(website), donation_url = VALUES(donation_url), description = VALUES(description), verified = VALUES(verified);
INSERT INTO charities (charity_id, name, website, donation_url, description, verified) VALUES ('charity_007', 'Save the Children', 'https://www.savethechildren.net', 'https://www.savethechildren.net/donate', 'Protects and supports children in crisis regions with health, education, and emergency services.', 1) ON DUPLICATE KEY UPDATE name = VALUES(name), website = VALUES(website), donation_url = VALUES(donation_url), description = VALUES(description), verified = VALUES(verified);
INSERT INTO charities (charity_id, name, website, donation_url, description, verified) VALUES ('charity_008', 'Action For Humanity', 'https://www.actionforhumanity.org', 'https://actionforhumanity.org/donate/', 'Delivers humanitarian assistance in conflict and disaster zones including Syria and Palestine. :contentReference[oaicite:0]{index=0}', 1) ON DUPLICATE KEY UPDATE name = VALUES(name), website = VALUES(website), donation_url = VALUES(donation_url), description = VALUES(description), verified = VALUES(verified);
INSERT INTO charities (charity_id, name, website, donation_url, description, verified) VALUES ('charity_009', 'Norwegian Refugee Council', 'https://www.nrc.no', 'https://donate.nrc.no/en', 'Supports displaced and conflict‑affected people with shelter, education and aid.', 1) ON DUPLICATE KEY UPDATE name = VALUES(name), website = VALUES(website), donation_url = VALUES(donation_url), description = VALUES(description), verified = VALUES(verified);
INSERT INTO charities (charity_id, name, website, donation_url, description, verified) VALUES ('charity_010', 'Islamic Relief Worldwide', 'https://www.islamic-relief.org', 'https://www.islamic-relief.org/donate/', 'Faith‑based humanitarian organisation providing emergency and development aid. :contentReference[oaicite:1]{index=1}', 1) ON DUPLICATE KEY UPDATE name = VALUES(name), website = VALUES(website), donation_url = VALUES(donation_url), description = VALUES(description), verified = VALUES(verified);
INSERT INTO charities (charity_id, name, website, donation_url, description, verified) VALUES ('charity_011', 'Plan International', 'https://www.plan-international.org', 'https://www.plan-international.org/donate', 'Promotes children’s rights and gender equality in underserved communities.', 1) ON DUPLICATE KEY UPDATE name = VALUES(name), website = VALUES(website), donation_url = VALUES(donation_url), description = VALUES(description), verified = VALUES(verified);
INSERT INTO charities (charity_id, name, website, donation_url, description, verified) VALUES ('charity_012', 'Catholic Relief Services', 'https://www.crs.org', 'https://www.crs.org/give', 'International humanitarian agency delivering emergency relief and development programs worldwide. :contentReference[oaicite:2]{index=2}', 1) ON DUPLICATE KEY UPDATE name = VALUES(name), website = VALUES(website), donation_url = VALUES(donation_url), description = VALUES(description), verified = VALUES(verified);
INSERT INTO charities (charity_id, name, website, donation_url, description, verified) VALUES ('charity_013', 'Habitat for Humanity International', 'https://www.habitat.org', 'https://www.habitat.org/donate', 'Partners with communities to build affordable housing and strengthen resilience.', 1) ON DUPLICATE KEY UPDATE name = VALUES(name), website = VALUES(website), donation_url = VALUES(donation_url), description = VALUES(description), verified = VALUES(verified);
INSERT INTO charities (charity_id, name, website, donation_url, description, verified) VALUES ('charity_014', 'GlobalGiving', 'https://www.globalgiving.org', 'https://www.globalgiving.org/donate/', 'Crowdfunding platform connecting donors with grassroots projects worldwide. :contentReference[oaicite:3]{index=3}', 1) ON DUPLICATE KEY UPDATE name = VALUES(name), website = VALUES(website), donation_url = VALUES(donation_url), description = VALUES(description), verified = VALUES(verified);
INSERT INTO charities (charity_id, name, website, donation_url, description, verified) VALUES ('charity_015', 'Human Appeal', 'https://humanappeal.org', 'https://humanappeal.org/donate', 'Provides food aid, emergency support and development programs in vulnerable regions. :contentReference[oaicite:4]{index=4}', 1) ON DUPLICATE KEY UPDATE name = VALUES(name), website = VALUES(website), donation_url = VALUES(donation_url), description = VALUES(description), verified = VALUES(verified);
INSERT INTO charities (charity_id, name, website, donation_url, description, verified) VALUES ('charity_016', 'UNHCR, The UN Refugee Agency', 'https://www.unhcr.org', 'https://donate.unhcr.org', 'United Nations refugee agency protecting and supporting displaced people worldwide. :contentReference[oaicite:5]{index=5}', 1) ON DUPLICATE KEY UPDATE name = VALUES(name), website = VALUES(website), donation_url = VALUES(donation_url), description = VALUES(description), verified = VALUES(verified);
INSERT INTO charities (charity_id, name, website, donation_url, description, verified) VALUES ('charity_017', 'Saylani Welfare International Trust', 'https://www.saylaniwelfare.com', 'https://www.saylaniwelfare.com/donate', 'NGO in Pakistan providing food distribution and social services to underserved communities. :contentReference[oaicite:6]{index=6}', 1) ON DUPLICATE KEY UPDATE name = VALUES(name), website = VALUES(website), donation_url = VALUES(donation_url), description = VALUES(description), verified = VALUES(verified);
INSERT INTO charities (charity_id, name, website, donation_url, description, verified) VALUES ('charity_018', 'Mary''s Meals', 'https://www.marysmeals.org', 'https://www.marysmeals.org/donate', 'Provides school feeding programs to support education and nutrition in developing communities. :contentReference[oaicite:7]{index=7}', 1) ON DUPLICATE KEY UPDATE name = VALUES(name), website = VALUES(website), donation_url = VALUES(donation_url), description = VALUES(description), verified = VALUES(verified);
INSERT INTO charities (charity_id, name, website, donation_url, description, verified) VALUES ('charity_019', 'War Child', 'https://www.warchild.org', 'https://www.warchild.org/donate', 'Supports children affected by war through protection, education and psychosocial services. :contentReference[oaicite:8]{index=8}', 1) ON DUPLICATE KEY UPDATE name = VALUES(name), website = VALUES(website), donation_url = VALUES(donation_url), description = VALUES(description), verified = VALUES(verified);
INSERT INTO charities (charity_id, name, website, donation_url, description, verified) VALUES ('charity_020', 'Shelter Now International', 'https://www.shelternow.org', 'https://www.shelternow.org/donate/', 'Rebuilds homes and infrastructure for displaced communities in Afghanistan and Pakistan.', 1) ON DUPLICATE KEY UPDATE name = VALUES(name), website = VALUES(website), donation_url = VALUES(donation_url), description = VALUES(description), verified = VALUES(verified);
INSERT INTO charities (charity_id, name, website, donation_url, description, verified) VALUES ('charity_021', 'Danish Committee for Aid to Afghan Refugees', 'https://www.dcaafghanistan.org', 'https://www.dcaafghanistan.org/donate', 'Supports Afghan refugees and rural communities through development and water projects.', 1) ON DUPLICATE KEY UPDATE name = VALUES(name), website = VALUES(website), donation_url = VALUES(donation_url), description = VALUES(description), verified = VALUES(verified);
INSERT INTO charities (charity_id, name, website, donation_url, description, verified) VALUES ('charity_022', 'Kenya Red Cross Society', 'https://www.redcross.or.ke', 'https://www.redcross.or.ke/donate/', 'Provides emergency relief, health services, and disaster response in Kenya.', 1) ON DUPLICATE KEY UPDATE name = VALUES(name), website = VALUES(website), donation_url = VALUES(donation_url), description = VALUES(description), verified = VALUES(verified);
INSERT INTO charities (charity_id, name, website, donation_url, description, verified) VALUES ('charity_023', 'Nigeria Red Cross Society', 'https://redcrossnigeria.org', 'https://redcrossnigeria.org/donate/', 'Supports communities affected by disasters and conflict in Nigeria.', 1) ON DUPLICATE KEY UPDATE name = VALUES(name), website = VALUES(website), donation_url = VALUES(donation_url), description = VALUES(description), verified = VALUES(verified);
INSERT INTO charities (charity_id, name, website, donation_url, description, verified) VALUES ('charity_024', 'Pakistan Red Crescent Society', 'https://prcs.org.pk', 'https://prcs.org.pk/donate/', 'Provides humanitarian assistance and disaster response across Pakistan.', 1) ON DUPLICATE KEY UPDATE name = VALUES(name), website = VALUES(website), donation_url = VALUES(donation_url), description = VALUES(description), verified = VALUES(verified);
INSERT INTO charities (charity_id, name, website, donation_url, description, verified) VALUES ('charity_025', 'Lebanese Red Cross', 'https://www.redcross.org.lb', 'https://www.redcross.org.lb/Donate', 'Delivers emergency medical services and disaster response throughout Lebanon.', 1) ON DUPLICATE KEY UPDATE name = VALUES(name), website = VALUES(website), donation_url = VALUES(donation_url), description = VALUES(description), verified = VALUES(verified);
INSERT INTO charities (charity_id, name, website, donation_url, description, verified) VALUES ('charity_026', 'Philippine Red Cross', 'https://redcross.org.ph', 'https://redcross.org.ph/donate/', 'Provides disaster response and medical assistance in the Philippines.', 1) ON DUPLICATE KEY UPDATE name = VALUES(name), website = VALUES(website), donation_url = VALUES(donation_url), description = VALUES(description), verified = VALUES(verified);
INSERT INTO charities (charity_id, name, website, donation_url, description, verified) VALUES ('charity_027', 'Colombian Red Cross', 'https://www.cruzrojacolombiana.org', 'https://cruzrojacolombiana.org/donaciones/', 'Provides humanitarian assistance and disaster relief in Colombia.', 1) ON DUPLICATE KEY UPDATE name = VALUES(name), website = VALUES(website), donation_url = VALUES(donation_url), description = VALUES(description), verified = VALUES(verified);
INSERT INTO charities (charity_id, name, website, donation_url, description, verified) VALUES ('charity_028', 'Somalia Humanitarian Fund', 'https://www.unocha.org/somalia', 'https://crisisrelief.un.org/somalia', 'Supports humanitarian response and food assistance programs in Somalia.', 1) ON DUPLICATE KEY UPDATE name = VALUES(name), website = VALUES(website), donation_url = VALUES(donation_url), description = VALUES(description), verified = VALUES(verified);
INSERT INTO charities (charity_id, name, website, donation_url, description, verified) VALUES ('charity_029', 'Mercy Hands for Humanitarian Aid', 'https://www.mercyhands.org', 'https://www.mercyhands.org/donate/', 'Delivers disaster relief, health, and educational support to vulnerable populations.', 1) ON DUPLICATE KEY UPDATE name = VALUES(name), website = VALUES(website), donation_url = VALUES(donation_url), description = VALUES(description), verified = VALUES(verified);
INSERT INTO charities (charity_id, name, website, donation_url, description, verified) VALUES ('charity_030', 'Hand in Hand for Aid and Development', 'https://www.hiha.org.uk', 'https://www.hiha.org.uk/donate', 'Supports development and empowerment programs in crisis-affected communities.', 1) ON DUPLICATE KEY UPDATE name = VALUES(name), website = VALUES(website), donation_url = VALUES(donation_url), description = VALUES(description), verified = VALUES(verified);
INSERT INTO charities (charity_id, name, website, donation_url, description, verified) VALUES ('charity_031', 'Zakat Foundation of America', 'https://www.zakat.org', 'https://www.zakat.org/donate/', 'Provides humanitarian assistance, disaster relief, and education programs for underserved communities.', 1) ON DUPLICATE KEY UPDATE name = VALUES(name), website = VALUES(website), donation_url = VALUES(donation_url), description = VALUES(description), verified = VALUES(verified);
INSERT INTO charities (charity_id, name, website, donation_url, description, verified) VALUES ('charity_032', 'Muslim Hands', 'https://muslimhands.org.uk', 'https://muslimhands.org.uk/donate', 'Delivers global humanitarian aid including disaster relief and long-term development.', 1) ON DUPLICATE KEY UPDATE name = VALUES(name), website = VALUES(website), donation_url = VALUES(donation_url), description = VALUES(description), verified = VALUES(verified);
INSERT INTO charities (charity_id, name, website, donation_url, description, verified) VALUES ('charity_033', 'Action Against Hunger', 'https://www.actionagainsthunger.org', 'https://www.actionagainsthunger.org/donate', 'Focuses on fighting hunger and malnutrition in crisis zones worldwide.', 1) ON DUPLICATE KEY UPDATE name = VALUES(name), website = VALUES(website), donation_url = VALUES(donation_url), description = VALUES(description), verified = VALUES(verified);
INSERT INTO charities (charity_id, name, website, donation_url, description, verified) VALUES ('charity_034', 'Concern Worldwide', 'https://www.concern.net', 'https://www.concern.net/donate', 'International humanitarian organization addressing poverty and hunger in crisis-affected countries.', 1) ON DUPLICATE KEY UPDATE name = VALUES(name), website = VALUES(website), donation_url = VALUES(donation_url), description = VALUES(description), verified = VALUES(verified);
INSERT INTO charities (charity_id, name, website, donation_url, description, verified) VALUES ('charity_035', 'ADRA (Adventist Development and Relief Agency)', 'https://adra.org', 'https://adra.org/donate', 'Delivers community development, disaster relief, and humanitarian programs worldwide.', 1) ON DUPLICATE KEY UPDATE name = VALUES(name), website = VALUES(website), donation_url = VALUES(donation_url), description = VALUES(description), verified = VALUES(verified);
INSERT INTO charities (charity_id, name, website, donation_url, description, verified) VALUES ('charity_036', 'ACTED', 'https://www.acted.org', 'https://www.acted.org/en/donate', 'Provides emergency relief and development support in conflict and disaster regions.', 1) ON DUPLICATE KEY UPDATE name = VALUES(name), website = VALUES(website), donation_url = VALUES(donation_url), description = VALUES(description), verified = VALUES(verified);
INSERT INTO charities (charity_id, name, website, donation_url, description, verified) VALUES ('charity_037', 'Relief International', 'https://www.ri.org', 'https://www.ri.org/donate/', 'Delivers emergency relief and long-term development programs in fragile regions.', 1) ON DUPLICATE KEY UPDATE name = VALUES(name), website = VALUES(website), donation_url = VALUES(donation_url), description = VALUES(description), verified = VALUES(verified);
INSERT INTO charities (charity_id, name, website, donation_url, description, verified) VALUES ('charity_038', 'Terre des Hommes', 'https://www.tdh.ch/en', 'https://www.tdh.ch/en/donate', 'Protects children from poverty, disease, and exploitation and provides humanitarian aid in crisis zones.', 1) ON DUPLICATE KEY UPDATE name = VALUES(name), website = VALUES(website), donation_url = VALUES(donation_url), description = VALUES(description), verified = VALUES(verified);
INSERT INTO charities (charity_id, name, website, donation_url, description, verified) VALUES ('charity_039', 'Plan International Canada', 'https://plancanada.ca', 'https://plancanada.ca/donate', 'Advances children’s rights and equality for girls in underserved communities.', 1) ON DUPLICATE KEY UPDATE name = VALUES(name), website = VALUES(website), donation_url = VALUES(donation_url), description = VALUES(description), verified = VALUES(verified);
INSERT INTO charities (charity_id, name, website, donation_url, description, verified) VALUES ('charity_040', 'World Vision', 'https://www.worldvision.org', 'https://www.worldvision.org/donate', 'Provides humanitarian aid, development programs, and advocacy for children and communities in need.', 1) ON DUPLICATE KEY UPDATE name = VALUES(name), website = VALUES(website), donation_url = VALUES(donation_url), description = VALUES(description), verified = VALUES(verified);

-- charity_causes (delete then insert so re-run is idempotent)
DELETE FROM charity_causes WHERE charity_id = 'charity_001';
INSERT INTO charity_causes (charity_id, cause_slug) VALUES ('charity_001', 'refugees'), ('charity_001', 'healthcare'), ('charity_001', 'education'), ('charity_001', 'conflict_relief'), ('charity_001', 'disaster_relief');
DELETE FROM charity_causes WHERE charity_id = 'charity_002';
INSERT INTO charity_causes (charity_id, cause_slug) VALUES ('charity_002', 'medical_aid'), ('charity_002', 'healthcare'), ('charity_002', 'conflict_relief'), ('charity_002', 'disaster_relief');
DELETE FROM charity_causes WHERE charity_id = 'charity_003';
INSERT INTO charity_causes (charity_id, cause_slug) VALUES ('charity_003', 'children'), ('charity_003', 'education'), ('charity_003', 'healthcare'), ('charity_003', 'water_access'), ('charity_003', 'food_security');
DELETE FROM charity_causes WHERE charity_id = 'charity_004';
INSERT INTO charity_causes (charity_id, cause_slug) VALUES ('charity_004', 'food_security'), ('charity_004', 'disaster_relief'), ('charity_004', 'poverty');
DELETE FROM charity_causes WHERE charity_id = 'charity_005';
INSERT INTO charity_causes (charity_id, cause_slug) VALUES ('charity_005', 'poverty'), ('charity_005', 'women_support'), ('charity_005', 'healthcare'), ('charity_005', 'education');
DELETE FROM charity_causes WHERE charity_id = 'charity_006';
INSERT INTO charity_causes (charity_id, cause_slug) VALUES ('charity_006', 'poverty'), ('charity_006', 'water_access'), ('charity_006', 'disaster_relief'), ('charity_006', 'climate');
DELETE FROM charity_causes WHERE charity_id = 'charity_007';
INSERT INTO charity_causes (charity_id, cause_slug) VALUES ('charity_007', 'children'), ('charity_007', 'education'), ('charity_007', 'healthcare'), ('charity_007', 'food_security');
DELETE FROM charity_causes WHERE charity_id = 'charity_008';
INSERT INTO charity_causes (charity_id, cause_slug) VALUES ('charity_008', 'disaster_relief'), ('charity_008', 'healthcare'), ('charity_008', 'education'), ('charity_008', 'food_security'), ('charity_008', 'water_access');
DELETE FROM charity_causes WHERE charity_id = 'charity_009';
INSERT INTO charity_causes (charity_id, cause_slug) VALUES ('charity_009', 'refugees'), ('charity_009', 'housing'), ('charity_009', 'education'), ('charity_009', 'conflict_relief');
DELETE FROM charity_causes WHERE charity_id = 'charity_010';
INSERT INTO charity_causes (charity_id, cause_slug) VALUES ('charity_010', 'food_security'), ('charity_010', 'disaster_relief'), ('charity_010', 'refugees'), ('charity_010', 'water_access');
DELETE FROM charity_causes WHERE charity_id = 'charity_011';
INSERT INTO charity_causes (charity_id, cause_slug) VALUES ('charity_011', 'children'), ('charity_011', 'education'), ('charity_011', 'women_support');
DELETE FROM charity_causes WHERE charity_id = 'charity_012';
INSERT INTO charity_causes (charity_id, cause_slug) VALUES ('charity_012', 'food_security'), ('charity_012', 'healthcare'), ('charity_012', 'poverty'), ('charity_012', 'water_access'), ('charity_012', 'disaster_relief');
DELETE FROM charity_causes WHERE charity_id = 'charity_013';
INSERT INTO charity_causes (charity_id, cause_slug) VALUES ('charity_013', 'housing'), ('charity_013', 'poverty'), ('charity_013', 'women_support');
DELETE FROM charity_causes WHERE charity_id = 'charity_014';
INSERT INTO charity_causes (charity_id, cause_slug) VALUES ('charity_014', 'education'), ('charity_014', 'healthcare'), ('charity_014', 'food_security'), ('charity_014', 'water_access'), ('charity_014', 'disaster_relief');
DELETE FROM charity_causes WHERE charity_id = 'charity_015';
INSERT INTO charity_causes (charity_id, cause_slug) VALUES ('charity_015', 'food_security'), ('charity_015', 'refugees'), ('charity_015', 'disaster_relief'), ('charity_015', 'healthcare');
DELETE FROM charity_causes WHERE charity_id = 'charity_016';
INSERT INTO charity_causes (charity_id, cause_slug) VALUES ('charity_016', 'refugees'), ('charity_016', 'education'), ('charity_016', 'housing'), ('charity_016', 'healthcare');
DELETE FROM charity_causes WHERE charity_id = 'charity_017';
INSERT INTO charity_causes (charity_id, cause_slug) VALUES ('charity_017', 'food_security'), ('charity_017', 'poverty'), ('charity_017', 'healthcare'), ('charity_017', 'housing');
DELETE FROM charity_causes WHERE charity_id = 'charity_018';
INSERT INTO charity_causes (charity_id, cause_slug) VALUES ('charity_018', 'education'), ('charity_018', 'food_security'), ('charity_018', 'poverty');
DELETE FROM charity_causes WHERE charity_id = 'charity_019';
INSERT INTO charity_causes (charity_id, cause_slug) VALUES ('charity_019', 'children'), ('charity_019', 'education'), ('charity_019', 'conflict_relief'), ('charity_019', 'healthcare');
DELETE FROM charity_causes WHERE charity_id = 'charity_020';
INSERT INTO charity_causes (charity_id, cause_slug) VALUES ('charity_020', 'housing'), ('charity_020', 'refugees'), ('charity_020', 'disaster_relief');
DELETE FROM charity_causes WHERE charity_id = 'charity_021';
INSERT INTO charity_causes (charity_id, cause_slug) VALUES ('charity_021', 'water_access'), ('charity_021', 'poverty'), ('charity_021', 'refugees');
DELETE FROM charity_causes WHERE charity_id = 'charity_022';
INSERT INTO charity_causes (charity_id, cause_slug) VALUES ('charity_022', 'disaster_relief'), ('charity_022', 'healthcare'), ('charity_022', 'food_security');
DELETE FROM charity_causes WHERE charity_id = 'charity_023';
INSERT INTO charity_causes (charity_id, cause_slug) VALUES ('charity_023', 'disaster_relief'), ('charity_023', 'healthcare'), ('charity_023', 'water_access');
DELETE FROM charity_causes WHERE charity_id = 'charity_024';
INSERT INTO charity_causes (charity_id, cause_slug) VALUES ('charity_024', 'disaster_relief'), ('charity_024', 'healthcare'), ('charity_024', 'food_security');
DELETE FROM charity_causes WHERE charity_id = 'charity_025';
INSERT INTO charity_causes (charity_id, cause_slug) VALUES ('charity_025', 'medical_aid'), ('charity_025', 'disaster_relief'), ('charity_025', 'healthcare');
DELETE FROM charity_causes WHERE charity_id = 'charity_026';
INSERT INTO charity_causes (charity_id, cause_slug) VALUES ('charity_026', 'disaster_relief'), ('charity_026', 'healthcare'), ('charity_026', 'food_security');
DELETE FROM charity_causes WHERE charity_id = 'charity_027';
INSERT INTO charity_causes (charity_id, cause_slug) VALUES ('charity_027', 'disaster_relief'), ('charity_027', 'healthcare'), ('charity_027', 'conflict_relief');
DELETE FROM charity_causes WHERE charity_id = 'charity_028';
INSERT INTO charity_causes (charity_id, cause_slug) VALUES ('charity_028', 'food_security'), ('charity_028', 'disaster_relief'), ('charity_028', 'healthcare');
DELETE FROM charity_causes WHERE charity_id = 'charity_029';
INSERT INTO charity_causes (charity_id, cause_slug) VALUES ('charity_029', 'food_security'), ('charity_029', 'healthcare'), ('charity_029', 'education'), ('charity_029', 'women_support');
DELETE FROM charity_causes WHERE charity_id = 'charity_030';
INSERT INTO charity_causes (charity_id, cause_slug) VALUES ('charity_030', 'education'), ('charity_030', 'poverty'), ('charity_030', 'women_support'), ('charity_030', 'food_security');
DELETE FROM charity_causes WHERE charity_id = 'charity_031';
INSERT INTO charity_causes (charity_id, cause_slug) VALUES ('charity_031', 'food_security'), ('charity_031', 'poverty'), ('charity_031', 'education'), ('charity_031', 'healthcare');
DELETE FROM charity_causes WHERE charity_id = 'charity_032';
INSERT INTO charity_causes (charity_id, cause_slug) VALUES ('charity_032', 'food_security'), ('charity_032', 'healthcare'), ('charity_032', 'education'), ('charity_032', 'women_support'), ('charity_032', 'disaster_relief');
DELETE FROM charity_causes WHERE charity_id = 'charity_033';
INSERT INTO charity_causes (charity_id, cause_slug) VALUES ('charity_033', 'food_security'), ('charity_033', 'healthcare'), ('charity_033', 'water_access');
DELETE FROM charity_causes WHERE charity_id = 'charity_034';
INSERT INTO charity_causes (charity_id, cause_slug) VALUES ('charity_034', 'healthcare'), ('charity_034', 'education'), ('charity_034', 'food_security'), ('charity_034', 'poverty');
DELETE FROM charity_causes WHERE charity_id = 'charity_035';
INSERT INTO charity_causes (charity_id, cause_slug) VALUES ('charity_035', 'education'), ('charity_035', 'healthcare'), ('charity_035', 'food_security'), ('charity_035', 'disaster_relief');
DELETE FROM charity_causes WHERE charity_id = 'charity_036';
INSERT INTO charity_causes (charity_id, cause_slug) VALUES ('charity_036', 'food_security'), ('charity_036', 'disaster_relief'), ('charity_036', 'water_access'), ('charity_036', 'education');
DELETE FROM charity_causes WHERE charity_id = 'charity_037';
INSERT INTO charity_causes (charity_id, cause_slug) VALUES ('charity_037', 'healthcare'), ('charity_037', 'education'), ('charity_037', 'food_security'), ('charity_037', 'disaster_relief');
DELETE FROM charity_causes WHERE charity_id = 'charity_038';
INSERT INTO charity_causes (charity_id, cause_slug) VALUES ('charity_038', 'children'), ('charity_038', 'education'), ('charity_038', 'healthcare'), ('charity_038', 'refugees');
DELETE FROM charity_causes WHERE charity_id = 'charity_039';
INSERT INTO charity_causes (charity_id, cause_slug) VALUES ('charity_039', 'education'), ('charity_039', 'children'), ('charity_039', 'women_support');
DELETE FROM charity_causes WHERE charity_id = 'charity_040';
INSERT INTO charity_causes (charity_id, cause_slug) VALUES ('charity_040', 'children'), ('charity_040', 'healthcare'), ('charity_040', 'education'), ('charity_040', 'food_security'), ('charity_040', 'poverty');

-- charity_regions
DELETE FROM charity_regions WHERE charity_id = 'charity_001';
INSERT IGNORE INTO charity_regions (charity_id, region_id) VALUES ('charity_001', (SELECT region_id FROM regions WHERE name = 'Afghanistan' LIMIT 1)), ('charity_001', (SELECT region_id FROM regions WHERE name = 'Nigeria' LIMIT 1)), ('charity_001', (SELECT region_id FROM regions WHERE name = 'Pakistan' LIMIT 1)), ('charity_001', (SELECT region_id FROM regions WHERE name = 'Lebanon' LIMIT 1)), ('charity_001', (SELECT region_id FROM regions WHERE name = 'Jordan' LIMIT 1)), ('charity_001', (SELECT region_id FROM regions WHERE name = 'Syrian Arab Republic' LIMIT 1)), ('charity_001', (SELECT region_id FROM regions WHERE name = 'Ukraine' LIMIT 1));
DELETE FROM charity_regions WHERE charity_id = 'charity_002';
INSERT IGNORE INTO charity_regions (charity_id, region_id) VALUES ('charity_002', (SELECT region_id FROM regions WHERE name = 'Sudan' LIMIT 1)), ('charity_002', (SELECT region_id FROM regions WHERE name = 'Ethiopia' LIMIT 1)), ('charity_002', (SELECT region_id FROM regions WHERE name = 'Democratic Republic of the Congo' LIMIT 1)), ('charity_002', (SELECT region_id FROM regions WHERE name = 'Somalia' LIMIT 1)), ('charity_002', (SELECT region_id FROM regions WHERE name = 'Syrian Arab Republic' LIMIT 1)), ('charity_002', (SELECT region_id FROM regions WHERE name = 'Afghanistan' LIMIT 1));
DELETE FROM charity_regions WHERE charity_id = 'charity_003';
INSERT IGNORE INTO charity_regions (charity_id, region_id) VALUES ('charity_003', (SELECT region_id FROM regions WHERE name = 'Afghanistan' LIMIT 1)), ('charity_003', (SELECT region_id FROM regions WHERE name = 'Nigeria' LIMIT 1)), ('charity_003', (SELECT region_id FROM regions WHERE name = 'Ethiopia' LIMIT 1)), ('charity_003', (SELECT region_id FROM regions WHERE name = 'Philippines' LIMIT 1)), ('charity_003', (SELECT region_id FROM regions WHERE name = 'Pakistan' LIMIT 1)), ('charity_003', (SELECT region_id FROM regions WHERE name = 'Colombia' LIMIT 1));
DELETE FROM charity_regions WHERE charity_id = 'charity_004';
INSERT IGNORE INTO charity_regions (charity_id, region_id) VALUES ('charity_004', (SELECT region_id FROM regions WHERE name = 'Sudan' LIMIT 1)), ('charity_004', (SELECT region_id FROM regions WHERE name = 'Ethiopia' LIMIT 1)), ('charity_004', (SELECT region_id FROM regions WHERE name = 'South Sudan' LIMIT 1)), ('charity_004', (SELECT region_id FROM regions WHERE name = 'Somalia' LIMIT 1)), ('charity_004', (SELECT region_id FROM regions WHERE name = 'Syrian Arab Republic' LIMIT 1)), ('charity_004', (SELECT region_id FROM regions WHERE name = 'Afghanistan' LIMIT 1));
DELETE FROM charity_regions WHERE charity_id = 'charity_005';
INSERT IGNORE INTO charity_regions (charity_id, region_id) VALUES ('charity_005', (SELECT region_id FROM regions WHERE name = 'Kenya' LIMIT 1)), ('charity_005', (SELECT region_id FROM regions WHERE name = 'Nigeria' LIMIT 1)), ('charity_005', (SELECT region_id FROM regions WHERE name = 'Mozambique' LIMIT 1)), ('charity_005', (SELECT region_id FROM regions WHERE name = 'Pakistan' LIMIT 1)), ('charity_005', (SELECT region_id FROM regions WHERE name = 'Ethiopia' LIMIT 1));
DELETE FROM charity_regions WHERE charity_id = 'charity_006';
INSERT IGNORE INTO charity_regions (charity_id, region_id) VALUES ('charity_006', (SELECT region_id FROM regions WHERE name = 'Kenya' LIMIT 1)), ('charity_006', (SELECT region_id FROM regions WHERE name = 'Nigeria' LIMIT 1)), ('charity_006', (SELECT region_id FROM regions WHERE name = 'Pakistan' LIMIT 1)), ('charity_006', (SELECT region_id FROM regions WHERE name = 'Sri Lanka' LIMIT 1)), ('charity_006', (SELECT region_id FROM regions WHERE name = 'Colombia' LIMIT 1));
DELETE FROM charity_regions WHERE charity_id = 'charity_007';
INSERT IGNORE INTO charity_regions (charity_id, region_id) VALUES ('charity_007', (SELECT region_id FROM regions WHERE name = 'Afghanistan' LIMIT 1)), ('charity_007', (SELECT region_id FROM regions WHERE name = 'Ethiopia' LIMIT 1)), ('charity_007', (SELECT region_id FROM regions WHERE name = 'Nigeria' LIMIT 1)), ('charity_007', (SELECT region_id FROM regions WHERE name = 'Philippines' LIMIT 1)), ('charity_007', (SELECT region_id FROM regions WHERE name = 'Ukraine' LIMIT 1));
DELETE FROM charity_regions WHERE charity_id = 'charity_008';
INSERT IGNORE INTO charity_regions (charity_id, region_id) VALUES ('charity_008', (SELECT region_id FROM regions WHERE name = 'Syrian Arab Republic' LIMIT 1)), ('charity_008', (SELECT region_id FROM regions WHERE name = 'occupied Palestinian territory' LIMIT 1)), ('charity_008', (SELECT region_id FROM regions WHERE name = 'Lebanon' LIMIT 1)), ('charity_008', (SELECT region_id FROM regions WHERE name = 'Jordan' LIMIT 1)), ('charity_008', (SELECT region_id FROM regions WHERE name = 'Türkiye' LIMIT 1)), ('charity_008', (SELECT region_id FROM regions WHERE name = 'Pakistan' LIMIT 1)), ('charity_008', (SELECT region_id FROM regions WHERE name = 'Ukraine' LIMIT 1));
DELETE FROM charity_regions WHERE charity_id = 'charity_009';
INSERT IGNORE INTO charity_regions (charity_id, region_id) VALUES ('charity_009', (SELECT region_id FROM regions WHERE name = 'Sudan' LIMIT 1)), ('charity_009', (SELECT region_id FROM regions WHERE name = 'Somalia' LIMIT 1)), ('charity_009', (SELECT region_id FROM regions WHERE name = 'Ukraine' LIMIT 1)), ('charity_009', (SELECT region_id FROM regions WHERE name = 'Lebanon' LIMIT 1));
DELETE FROM charity_regions WHERE charity_id = 'charity_010';
INSERT IGNORE INTO charity_regions (charity_id, region_id) VALUES ('charity_010', (SELECT region_id FROM regions WHERE name = 'Pakistan' LIMIT 1)), ('charity_010', (SELECT region_id FROM regions WHERE name = 'Afghanistan' LIMIT 1)), ('charity_010', (SELECT region_id FROM regions WHERE name = 'Somalia' LIMIT 1)), ('charity_010', (SELECT region_id FROM regions WHERE name = 'Sudan' LIMIT 1)), ('charity_010', (SELECT region_id FROM regions WHERE name = 'Syrian Arab Republic' LIMIT 1)), ('charity_010', (SELECT region_id FROM regions WHERE name = 'Lebanon' LIMIT 1));
DELETE FROM charity_regions WHERE charity_id = 'charity_011';
INSERT IGNORE INTO charity_regions (charity_id, region_id) VALUES ('charity_011', (SELECT region_id FROM regions WHERE name = 'Philippines' LIMIT 1)), ('charity_011', (SELECT region_id FROM regions WHERE name = 'Pakistan' LIMIT 1)), ('charity_011', (SELECT region_id FROM regions WHERE name = 'Colombia' LIMIT 1)), ('charity_011', (SELECT region_id FROM regions WHERE name = 'Nigeria' LIMIT 1)), ('charity_011', (SELECT region_id FROM regions WHERE name = 'Lao People''s Democratic Republic' LIMIT 1));
DELETE FROM charity_regions WHERE charity_id = 'charity_012';
INSERT IGNORE INTO charity_regions (charity_id, region_id) VALUES ('charity_012', (SELECT region_id FROM regions WHERE name = 'Ethiopia' LIMIT 1)), ('charity_012', (SELECT region_id FROM regions WHERE name = 'Kenya' LIMIT 1)), ('charity_012', (SELECT region_id FROM regions WHERE name = 'Nigeria' LIMIT 1)), ('charity_012', (SELECT region_id FROM regions WHERE name = 'Afghanistan' LIMIT 1)), ('charity_012', (SELECT region_id FROM regions WHERE name = 'Pakistan' LIMIT 1)), ('charity_012', (SELECT region_id FROM regions WHERE name = 'Sudan' LIMIT 1));
DELETE FROM charity_regions WHERE charity_id = 'charity_013';
INSERT IGNORE INTO charity_regions (charity_id, region_id) VALUES ('charity_013', (SELECT region_id FROM regions WHERE name = 'Nigeria' LIMIT 1)), ('charity_013', (SELECT region_id FROM regions WHERE name = 'Pakistan' LIMIT 1)), ('charity_013', (SELECT region_id FROM regions WHERE name = 'Kenya' LIMIT 1)), ('charity_013', (SELECT region_id FROM regions WHERE name = 'Philippines' LIMIT 1)), ('charity_013', (SELECT region_id FROM regions WHERE name = 'Ecuador' LIMIT 1));
DELETE FROM charity_regions WHERE charity_id = 'charity_014';
INSERT IGNORE INTO charity_regions (charity_id, region_id) VALUES ('charity_014', (SELECT region_id FROM regions WHERE name = 'Afghanistan' LIMIT 1)), ('charity_014', (SELECT region_id FROM regions WHERE name = 'Kenya' LIMIT 1)), ('charity_014', (SELECT region_id FROM regions WHERE name = 'Nigeria' LIMIT 1)), ('charity_014', (SELECT region_id FROM regions WHERE name = 'Ecuador' LIMIT 1)), ('charity_014', (SELECT region_id FROM regions WHERE name = 'Sri Lanka' LIMIT 1)), ('charity_014', (SELECT region_id FROM regions WHERE name = 'World' LIMIT 1));
DELETE FROM charity_regions WHERE charity_id = 'charity_015';
INSERT IGNORE INTO charity_regions (charity_id, region_id) VALUES ('charity_015', (SELECT region_id FROM regions WHERE name = 'occupied Palestinian territory' LIMIT 1)), ('charity_015', (SELECT region_id FROM regions WHERE name = 'Sudan' LIMIT 1)), ('charity_015', (SELECT region_id FROM regions WHERE name = 'Ethiopia' LIMIT 1)), ('charity_015', (SELECT region_id FROM regions WHERE name = 'Pakistan' LIMIT 1)), ('charity_015', (SELECT region_id FROM regions WHERE name = 'Lebanon' LIMIT 1)), ('charity_015', (SELECT region_id FROM regions WHERE name = 'Somalia' LIMIT 1));
DELETE FROM charity_regions WHERE charity_id = 'charity_016';
INSERT IGNORE INTO charity_regions (charity_id, region_id) VALUES ('charity_016', (SELECT region_id FROM regions WHERE name = 'Syrian Arab Republic' LIMIT 1)), ('charity_016', (SELECT region_id FROM regions WHERE name = 'occupied Palestinian territory' LIMIT 1)), ('charity_016', (SELECT region_id FROM regions WHERE name = 'Afghanistan' LIMIT 1)), ('charity_016', (SELECT region_id FROM regions WHERE name = 'Sudan' LIMIT 1)), ('charity_016', (SELECT region_id FROM regions WHERE name = 'Nigeria' LIMIT 1));
DELETE FROM charity_regions WHERE charity_id = 'charity_017';
INSERT IGNORE INTO charity_regions (charity_id, region_id) VALUES ('charity_017', (SELECT region_id FROM regions WHERE name = 'Pakistan' LIMIT 1));
DELETE FROM charity_regions WHERE charity_id = 'charity_018';
INSERT IGNORE INTO charity_regions (charity_id, region_id) VALUES ('charity_018', (SELECT region_id FROM regions WHERE name = 'Nigeria' LIMIT 1)), ('charity_018', (SELECT region_id FROM regions WHERE name = 'Ethiopia' LIMIT 1)), ('charity_018', (SELECT region_id FROM regions WHERE name = 'Pakistan' LIMIT 1)), ('charity_018', (SELECT region_id FROM regions WHERE name = 'Kenya' LIMIT 1)), ('charity_018', (SELECT region_id FROM regions WHERE name = 'Ecuador' LIMIT 1));
DELETE FROM charity_regions WHERE charity_id = 'charity_019';
INSERT IGNORE INTO charity_regions (charity_id, region_id) VALUES ('charity_019', (SELECT region_id FROM regions WHERE name = 'Syrian Arab Republic' LIMIT 1)), ('charity_019', (SELECT region_id FROM regions WHERE name = 'Lebanon' LIMIT 1)), ('charity_019', (SELECT region_id FROM regions WHERE name = 'Chad' LIMIT 1)), ('charity_019', (SELECT region_id FROM regions WHERE name = 'Sudan' LIMIT 1)), ('charity_019', (SELECT region_id FROM regions WHERE name = 'Colombia' LIMIT 1));
DELETE FROM charity_regions WHERE charity_id = 'charity_020';
INSERT IGNORE INTO charity_regions (charity_id, region_id) VALUES ('charity_020', (SELECT region_id FROM regions WHERE name = 'Afghanistan' LIMIT 1)), ('charity_020', (SELECT region_id FROM regions WHERE name = 'Pakistan' LIMIT 1));
DELETE FROM charity_regions WHERE charity_id = 'charity_021';
INSERT IGNORE INTO charity_regions (charity_id, region_id) VALUES ('charity_021', (SELECT region_id FROM regions WHERE name = 'Afghanistan' LIMIT 1));
DELETE FROM charity_regions WHERE charity_id = 'charity_022';
INSERT IGNORE INTO charity_regions (charity_id, region_id) VALUES ('charity_022', (SELECT region_id FROM regions WHERE name = 'Kenya' LIMIT 1));
DELETE FROM charity_regions WHERE charity_id = 'charity_023';
INSERT IGNORE INTO charity_regions (charity_id, region_id) VALUES ('charity_023', (SELECT region_id FROM regions WHERE name = 'Nigeria' LIMIT 1));
DELETE FROM charity_regions WHERE charity_id = 'charity_024';
INSERT IGNORE INTO charity_regions (charity_id, region_id) VALUES ('charity_024', (SELECT region_id FROM regions WHERE name = 'Pakistan' LIMIT 1));
DELETE FROM charity_regions WHERE charity_id = 'charity_025';
INSERT IGNORE INTO charity_regions (charity_id, region_id) VALUES ('charity_025', (SELECT region_id FROM regions WHERE name = 'Lebanon' LIMIT 1));
DELETE FROM charity_regions WHERE charity_id = 'charity_026';
INSERT IGNORE INTO charity_regions (charity_id, region_id) VALUES ('charity_026', (SELECT region_id FROM regions WHERE name = 'Philippines' LIMIT 1));
DELETE FROM charity_regions WHERE charity_id = 'charity_027';
INSERT IGNORE INTO charity_regions (charity_id, region_id) VALUES ('charity_027', (SELECT region_id FROM regions WHERE name = 'Colombia' LIMIT 1));
DELETE FROM charity_regions WHERE charity_id = 'charity_028';
INSERT IGNORE INTO charity_regions (charity_id, region_id) VALUES ('charity_028', (SELECT region_id FROM regions WHERE name = 'Somalia' LIMIT 1));
DELETE FROM charity_regions WHERE charity_id = 'charity_029';
INSERT IGNORE INTO charity_regions (charity_id, region_id) VALUES ('charity_029', (SELECT region_id FROM regions WHERE name = 'Pakistan' LIMIT 1)), ('charity_029', (SELECT region_id FROM regions WHERE name = 'Nigeria' LIMIT 1)), ('charity_029', (SELECT region_id FROM regions WHERE name = 'Sudan' LIMIT 1));
DELETE FROM charity_regions WHERE charity_id = 'charity_030';
INSERT IGNORE INTO charity_regions (charity_id, region_id) VALUES ('charity_030', (SELECT region_id FROM regions WHERE name = 'Afghanistan' LIMIT 1)), ('charity_030', (SELECT region_id FROM regions WHERE name = 'Pakistan' LIMIT 1)), ('charity_030', (SELECT region_id FROM regions WHERE name = 'Seychelles' LIMIT 1)), ('charity_030', (SELECT region_id FROM regions WHERE name = 'Kenya' LIMIT 1));
DELETE FROM charity_regions WHERE charity_id = 'charity_031';
INSERT IGNORE INTO charity_regions (charity_id, region_id) VALUES ('charity_031', (SELECT region_id FROM regions WHERE name = 'Pakistan' LIMIT 1)), ('charity_031', (SELECT region_id FROM regions WHERE name = 'Nigeria' LIMIT 1)), ('charity_031', (SELECT region_id FROM regions WHERE name = 'Philippines' LIMIT 1)), ('charity_031', (SELECT region_id FROM regions WHERE name = 'Sri Lanka' LIMIT 1)), ('charity_031', (SELECT region_id FROM regions WHERE name = 'Ethiopia' LIMIT 1));
DELETE FROM charity_regions WHERE charity_id = 'charity_032';
INSERT IGNORE INTO charity_regions (charity_id, region_id) VALUES ('charity_032', (SELECT region_id FROM regions WHERE name = 'Pakistan' LIMIT 1)), ('charity_032', (SELECT region_id FROM regions WHERE name = 'Afghanistan' LIMIT 1)), ('charity_032', (SELECT region_id FROM regions WHERE name = 'Nigeria' LIMIT 1)), ('charity_032', (SELECT region_id FROM regions WHERE name = 'Philippines' LIMIT 1)), ('charity_032', (SELECT region_id FROM regions WHERE name = 'Sudan' LIMIT 1));
DELETE FROM charity_regions WHERE charity_id = 'charity_033';
INSERT IGNORE INTO charity_regions (charity_id, region_id) VALUES ('charity_033', (SELECT region_id FROM regions WHERE name = 'Afghanistan' LIMIT 1)), ('charity_033', (SELECT region_id FROM regions WHERE name = 'Ethiopia' LIMIT 1)), ('charity_033', (SELECT region_id FROM regions WHERE name = 'Nigeria' LIMIT 1)), ('charity_033', (SELECT region_id FROM regions WHERE name = 'Sudan' LIMIT 1)), ('charity_033', (SELECT region_id FROM regions WHERE name = 'Pakistan' LIMIT 1));
DELETE FROM charity_regions WHERE charity_id = 'charity_034';
INSERT IGNORE INTO charity_regions (charity_id, region_id) VALUES ('charity_034', (SELECT region_id FROM regions WHERE name = 'Ethiopia' LIMIT 1)), ('charity_034', (SELECT region_id FROM regions WHERE name = 'Nigeria' LIMIT 1)), ('charity_034', (SELECT region_id FROM regions WHERE name = 'Mozambique' LIMIT 1)), ('charity_034', (SELECT region_id FROM regions WHERE name = 'Kenya' LIMIT 1)), ('charity_034', (SELECT region_id FROM regions WHERE name = 'Afghanistan' LIMIT 1)), ('charity_034', (SELECT region_id FROM regions WHERE name = 'Pakistan' LIMIT 1));
DELETE FROM charity_regions WHERE charity_id = 'charity_035';
INSERT IGNORE INTO charity_regions (charity_id, region_id) VALUES ('charity_035', (SELECT region_id FROM regions WHERE name = 'Philippines' LIMIT 1)), ('charity_035', (SELECT region_id FROM regions WHERE name = 'Nigeria' LIMIT 1)), ('charity_035', (SELECT region_id FROM regions WHERE name = 'Kenya' LIMIT 1)), ('charity_035', (SELECT region_id FROM regions WHERE name = 'Mozambique' LIMIT 1)), ('charity_035', (SELECT region_id FROM regions WHERE name = 'Sudan' LIMIT 1)), ('charity_035', (SELECT region_id FROM regions WHERE name = 'Afghanistan' LIMIT 1));
DELETE FROM charity_regions WHERE charity_id = 'charity_036';
INSERT IGNORE INTO charity_regions (charity_id, region_id) VALUES ('charity_036', (SELECT region_id FROM regions WHERE name = 'Afghanistan' LIMIT 1)), ('charity_036', (SELECT region_id FROM regions WHERE name = 'Sudan' LIMIT 1)), ('charity_036', (SELECT region_id FROM regions WHERE name = 'Colombia' LIMIT 1)), ('charity_036', (SELECT region_id FROM regions WHERE name = 'Nigeria' LIMIT 1)), ('charity_036', (SELECT region_id FROM regions WHERE name = 'Philippines' LIMIT 1)), ('charity_036', (SELECT region_id FROM regions WHERE name = 'Syrian Arab Republic' LIMIT 1));
DELETE FROM charity_regions WHERE charity_id = 'charity_037';
INSERT IGNORE INTO charity_regions (charity_id, region_id) VALUES ('charity_037', (SELECT region_id FROM regions WHERE name = 'Afghanistan' LIMIT 1)), ('charity_037', (SELECT region_id FROM regions WHERE name = 'Iraq' LIMIT 1)), ('charity_037', (SELECT region_id FROM regions WHERE name = 'Nigeria' LIMIT 1)), ('charity_037', (SELECT region_id FROM regions WHERE name = 'Philippines' LIMIT 1)), ('charity_037', (SELECT region_id FROM regions WHERE name = 'Sudan' LIMIT 1));
DELETE FROM charity_regions WHERE charity_id = 'charity_038';
INSERT IGNORE INTO charity_regions (charity_id, region_id) VALUES ('charity_038', (SELECT region_id FROM regions WHERE name = 'Pakistan' LIMIT 1)), ('charity_038', (SELECT region_id FROM regions WHERE name = 'Afghanistan' LIMIT 1)), ('charity_038', (SELECT region_id FROM regions WHERE name = 'Philippines' LIMIT 1)), ('charity_038', (SELECT region_id FROM regions WHERE name = 'Nigeria' LIMIT 1));
DELETE FROM charity_regions WHERE charity_id = 'charity_039';
INSERT IGNORE INTO charity_regions (charity_id, region_id) VALUES ('charity_039', (SELECT region_id FROM regions WHERE name = 'Nigeria' LIMIT 1)), ('charity_039', (SELECT region_id FROM regions WHERE name = 'Philippines' LIMIT 1)), ('charity_039', (SELECT region_id FROM regions WHERE name = 'Pakistan' LIMIT 1)), ('charity_039', (SELECT region_id FROM regions WHERE name = 'Colombia' LIMIT 1));
DELETE FROM charity_regions WHERE charity_id = 'charity_040';
INSERT IGNORE INTO charity_regions (charity_id, region_id) VALUES ('charity_040', (SELECT region_id FROM regions WHERE name = 'Nigeria' LIMIT 1)), ('charity_040', (SELECT region_id FROM regions WHERE name = 'Kenya' LIMIT 1)), ('charity_040', (SELECT region_id FROM regions WHERE name = 'Ethiopia' LIMIT 1)), ('charity_040', (SELECT region_id FROM regions WHERE name = 'Philippines' LIMIT 1)), ('charity_040', (SELECT region_id FROM regions WHERE name = 'Pakistan' LIMIT 1)), ('charity_040', (SELECT region_id FROM regions WHERE name = 'Afghanistan' LIMIT 1));